Название кровати,Цена,Ссылка на кровать
Кровать Эстель-1 160 Velvet Light,2500руб.,https://www.divan.ru/product/krovat-estel-1-160-velvet-light
Комплект постельного белья Лейк 2.0 Beige,416руб.,https://www.divan.ru/product/komplekt-postelnogo-belya-lejk-2-0-beige
Матрас Эслаун 160x200,2750руб.,https://www.divan.ru/product/matras-eslaun-160x200
Кровать Лайтси 160 Velvet Grey,2666руб.,https://www.divan.ru/product/krovat-lajtsi-160-velvet-grey
Кровать Вента 160 Barhat Silver,4833руб.,https://www.divan.ru/product/krovat-venta-160-barhat-silver
Кровать Селена 160 White,1416руб.,https://www.divan.ru/product/krovat-selena-160-white
Матрас Армант 160x200,1416руб.,https://www.divan.ru/product/matras-armant-160x200
Кровать Лосон 90 Velvet Light,2416руб.,https://www.divan.ru/product/krovat-loson-90-velvet-light
Кровать Далти 160 Bucle Blue,4666руб.,https://www.divan.ru/product/krovat-dalti-160-bucle-blue
Кровать Эби 160 Happy Grey,3500руб.,https://www.divan.ru/product/krovat-ebi-160-happy-grey
Кровать Лерэн 160 Olive,4083руб.,https://www.divan.ru/product/krovat-leren-160-olive
Кровать Майтон 160 Bucle Pink,3333руб.,https://www.divan.ru/product/krovat-majton-160-bucle-pink
Комплект постельного белья Вилассо 2.0 Pink,416руб.,https://www.divan.ru/product/komplekt-postelnogo-belya-vilasso-2-0-pink
Кровать Льери 160 Velvet Sand,3750руб.,https://www.divan.ru/product/krovat-leri-160-velvet-sand
Кровать Бран-2 160 Velvet Silver,2666руб.,https://www.divan.ru/product/krovat-bran-2-160-velvet-silver
Комплект постельного белья Табиано 2.0 Oliva,350руб.,https://www.divan.ru/product/komplekt-postelnogo-belya-tabiano-2-0-oliva
Кровать Слипсон 160 Vertical Pink,3250руб.,https://www.divan.ru/product/krovat-slipson-160-vertical-pink
Кровать Весмар 160 Bucle Silver,3416руб.,https://www.divan.ru/product/krovat-vesmar-160-bucle-silver
Матрас Бовори 160x200,1583руб.,https://www.divan.ru/product/matras-bovori-160x200
Кровать Фостер 160 Velvet Plum,3250руб.,https://www.divan.ru/product/krovat-foster-160-velvet-plum
Кровать Лосон 180 Velvet Grey,3000руб.,https://www.divan.ru/product/krovat-loson-180-velvet-grey
Комплект постельного белья Лейк 2.0 Grey,416руб.,https://www.divan.ru/product/komplekt-postelnogo-belya-lejk-2-0-grey
Кровать Шерона-Legs 160 Velvet Emerald,3333руб.,https://www.divan.ru/product/krovat-sherona-legs-160-velvet-emerald
Кровать Лайтси 140 Velvet Beige,2583руб.,https://www.divan.ru/product/krovat-lajtsi-140-velvet-beige
Кровать Ингрид-1 90 Plywood,1333руб.,https://www.divan.ru/product/krovat-ingrid-1-90-plywood
Матрас Эслекс 90x200,1333руб.,https://www.divan.ru/product/matras-esleks-90x200
Кровать Кевия 140 Bucle Milk,5250руб.,https://www.divan.ru/product/krovat-keviya-140-bucle-milk
Кровать Кьево 160 Velvet Pink,3333руб.,https://www.divan.ru/product/krovat-kevo-160-velvet-pink
Кровать Адель 160 Velvet Violet,2166руб.,https://www.divan.ru/product/krovat-adel-160-velvet-violet
Кровать Плиди 180 Velvet Grafit,3083руб.,https://www.divan.ru/product/krovat-plidi-180-velvet-grafit
Комплект постельного белья Табиано евро Ocean,383руб.,https://www.divan.ru/product/komplekt-postelnogo-belya-tabiano-evro-ocean
Кровать Саоми 140 Velvet Bluestone,3750руб.,https://www.divan.ru/product/krovat-saomi-140-velvet-bluestone
Кровать Дарлайн 90 Дуб Ирландский,1416руб.,https://www.divan.ru/product/krovat-darlajn-90-dub-irlandskij
Кровать Эмбер 160 Cozy Dove,5250руб.,https://www.divan.ru/product/krovat-ember-160-cozy-dove
Матрас Латмек 90x200,1666руб.,https://www.divan.ru/product/matras-latmek-90x200
Кровать Вайлор-Floor 140 Velvet Olive,4166руб.,https://www.divan.ru/product/krovat-vajlor-floor-140-velvet-olive
Матрас Финдо 80x200,916руб.,https://www.divan.ru/product/matras-findo-80x200
Кровать Клифтон Velvet Light,4500руб.,https://www.divan.ru/product/krovat-klifton-velvet-light
Матрас Минли 160x200,1500руб.,https://www.divan.ru/product/matras-minli-160x200
Кровать Саоми 160 Velvet Olive,4166руб.,https://www.divan.ru/product/krovat-saomi-160-velvet-olive
Комплект постельного белья Табиано 1.5 Melange,283руб.,https://www.divan.ru/product/komplekt-postelnogo-belya-tabiano-1-5-melange
Кровать Весмар 180 Velvet Mustard,3166руб.,https://www.divan.ru/product/krovat-vesmar-180-velvet-mustard
Матрас Илаунд 160x200,2166руб.,https://www.divan.ru/product/matras-ilaund-160x200
Кровать Одли 160 Textile Silver,4000руб.,https://www.divan.ru/product/krovat-odli-160-textile-silver
Кровать Стелла 160 Белый,2333руб.,https://www.divan.ru/product/krovat-stella-160-belyj
Кровать Кьево 160 Vertikal Light,3500руб.,https://www.divan.ru/product/krovat-kevo-160-vertikal-light
Кровать Майтон 160 Velvet Yellow,2916руб.,https://www.divan.ru/product/krovat-majton-160-velvet-yellow
Кровать Фромборк-2 160 Wood,1750руб.,https://www.divan.ru/product/krovat-frombork-2-160-wood
Матрас Эсенс 80x200,1416руб.,https://www.divan.ru/product/matras-esens-80x200
Комплект постельного белья Ланкор евро Navy Blue,666руб.,https://www.divan.ru/product/komplekt-postelnogo-belya-lankor-evro-navy-blue
Кровать Лосон-Legs 160 Velvet Cocoa,2916руб.,https://www.divan.ru/product/krovat-loson-legs-160-velvet-cocoa
Матрас Леку 180x200,1833руб.,https://www.divan.ru/product/matras-leku-180x200
Матрас Тисон 160x200,2416руб.,https://www.divan.ru/product/matras-tison-160x200
Кровать Льери 160 Velvet Emerald,3750руб.,https://www.divan.ru/product/krovat-leri-160-velvet-emerald
Кровать Шелтон 160 Grafit,3083руб.,https://www.divan.ru/product/krovat-shelton-160-grafit
Кровать Ситено 160 Barhat Emerald,3166руб.,https://www.divan.ru/product/krovat-siteno-160-barhat-emerald
Кровать Адона-Legs 160 Velvet Blue,2750руб.,https://www.divan.ru/product/krovat-adona-legs-160-velvet-blue
Подушка для сна Миэль 50x70,266руб.,https://www.divan.ru/product/podushka-dlya-sna-miel-50x70
Кровать Вайлор-Floor 180 Bucle White,5416руб.,https://www.divan.ru/product/krovat-vajlor-floor-180-bucle-white
Кровать Лерэн 160 Beige,4083руб.,https://www.divan.ru/product/krovat-leren-160-beige
Кровать Одли 180 Textile Navy Blue,4166руб.,https://www.divan.ru/product/krovat-odli-180-textile-navy-blue
Кровать Льери 180 Velvet Light,3916руб.,https://www.divan.ru/product/krovat-leri-180-velvet-light
Кровать Эби 140 Happy Latte,3333руб.,https://www.divan.ru/product/krovat-ebi-140-happy-latte
Кровать Лайтси 160 Velvet Yellow,2666руб.,https://www.divan.ru/product/krovat-lajtsi-160-velvet-yellow
Кровать Юна 160 Bucle Silver,4916руб.,https://www.divan.ru/product/krovat-yuna-160-bucle-silver
Чехол для матраса Хлоя 180x200,233руб.,https://www.divan.ru/product/chehol-dlya-matrasa-hloya-180x200
Кровать Вента 160 Bucle Galaxy,6083руб.,https://www.divan.ru/product/krovat-venta-160-bucle-galaxy
Кровать Дефанс 140 Velvet Grey,3583руб.,https://www.divan.ru/product/krovat-defans-140-velvet-grey
Кровать Кейла 120 Barhat Mint,3500руб.,https://www.divan.ru/product/krovat-kejla-120-barhat-mint
Кровать Лайтси 160 Velvet Emerald,2666руб.,https://www.divan.ru/product/krovat-lajtsi-160-velvet-emerald
Кровать Молсон 160 Bucle White,4500руб.,https://www.divan.ru/product/krovat-molson-160-bucle-white
Подушка для тела Снео Navy Blue,333руб.,https://www.divan.ru/product/podushka-dlya-tela-sneo-navy-blue
Матрас Лейв 90x200,750руб.,https://www.divan.ru/product/matras-lejv-90x200
Кровать Вега-Floor 140 Velvet Grey,2833руб.,https://www.divan.ru/product/krovat-vega-floor-140-velvet-grey
Кровать Лосон 140 Velvet Mustard,2833руб.,https://www.divan.ru/product/krovat-loson-140-velvet-mustard
Кровать Кейла 120 Barhat Cocoa,3500руб.,https://www.divan.ru/product/krovat-kejla-120-barhat-cocoa
Кровать Саоми 140 Velvet Grey,3750руб.,https://www.divan.ru/product/krovat-saomi-140-velvet-grey
Подушка для сна Клэр,333руб.,https://www.divan.ru/product/podushka-dlya-sna-kler
Кровать Дарти 140 Walnut,2583руб.,https://www.divan.ru/product/krovat-darti-140-walnut
Комплект постельного белья Ланкор 2.0 Mokko,625руб.,https://www.divan.ru/product/komplekt-postelnogo-belya-lankor-2-0-mokko
Кровать Шелхорн 180 Light,2416руб.,https://www.divan.ru/product/krovat-shelhorn-180-lignt
Чехол для матраса Мовена 180x200,333руб.,https://www.divan.ru/product/chehol-dlya-matrasa-movena-180x200
Кровать Льери 140 Bucle Silver,4000руб.,https://www.divan.ru/product/krovat-leri-140-bucle-silver
Кровать Вега-Floor 140 Velvet Blue,2833руб.,https://www.divan.ru/product/krovat-vega-floor-140-velvet-blue
Кровать Кейла 120 Barhat Latte,3500руб.,https://www.divan.ru/product/krovat-kejla-120-barhat-latte
Чехол для матраса Линен 120x200,291руб.,https://www.divan.ru/product/chehol-dlya-matrasa-linen-120x200
Кровать Далти 160 Happy Grafit,4166руб.,https://www.divan.ru/product/krovat-dalti-160-happy-grafit
Кровать Маркфул 180 Bucle Silver,4250руб.,https://www.divan.ru/product/krovat-markful-180-bucle-silver
Кровать Нордик 140 Light,1916руб.,https://www.divan.ru/product/krovat-nordik-140-light
Матрас Энлейв 140x200,2333руб.,https://www.divan.ru/product/matras-enlejv-140x200
Кровать Шелдэн 160 Bucle Milk,4833руб.,https://www.divan.ru/product/krovat-shelden-160-bucle-milk
Кровать Кьево 160 Velvet Ocean,3333руб.,https://www.divan.ru/product/krovat-kevo-160-velvet-ocean
Комплект постельного белья Меланни евро Pink,500руб.,https://www.divan.ru/product/komplekt-postelnogo-belya-melanni-evro-pink
Матрас Монлику 140x200,3750руб.,https://www.divan.ru/product/matras-monliku-140x200
Чехол для матраса Baby-Terry 80x160,200руб.,https://www.divan.ru/product/chehol-dlya-matrasa-baby-terry-80x160
Кровать Кейла 120 Barhat Light,3500руб.,https://www.divan.ru/product/krovat-kejla-120-barhat-light
Кровать Монмарт 160 Sand,2333руб.,https://www.divan.ru/product/krovat-monmart-160-dub-sonoma
Подушка для сна Монсана 50x70,191руб.,https://www.divan.ru/product/podushka-dlya-sna-monsana-50x70
Кровать Гамла 160 Velvet Grey,3333руб.,https://www.divan.ru/product/krovat-gamla-160-velvet-grey
Подушка для сна Лэйда,158руб.,https://www.divan.ru/product/podushka-dlya-sna-lejda
Кровать Маркфул 160 Velvet Atlantic,3666руб.,https://www.divan.ru/product/krovat-markful-160-velvet-atlantic
Кровать Далти 160 Bucle White,4666руб.,https://www.divan.ru/product/krovat-dalti-160-bucle-white
Матрас Мейв 120x200,2500руб.,https://www.divan.ru/product/matras-mejv-120x200
Матрас детский Терри 80x190,833руб.,https://www.divan.ru/product/matras-detskij-terri-80x190
Чехол для матраса Baby-Terry 80x200,233руб.,https://www.divan.ru/product/chehol-dlya-matrasa-baby-terry-80x200
Чехол для матраса Aqua-Stop-Plush 160x200,475руб.,https://www.divan.ru/product/chehol-dlya-matrasa-aqua-stop-plush-160x200
Кровать Кейла 120 Barhat Silver,3500руб.,https://www.divan.ru/product/krovat-kejla-120-barhat-silver
Кровать Вента 160 Barhat Cherry,4916руб.,https://www.divan.ru/product/krovat-venta-160-barhat-cherry
Комплект оснований Бенис 80 Velvet Сocoa,2500руб.,https://www.divan.ru/product/komplekt-osnovanij-benis-80-velvet-socoa
Чехол для матраса Original-Cover 80x200,116руб.,https://www.divan.ru/product/chehol-dlya-matrasa-original-cover-80x200
Кровать Дафф 90 White,1916руб.,https://www.divan.ru/product/krovat-daff-90-white
Кровать Амалия 90 Velvet Smoke,4583руб.,https://www.divan.ru/product/krovat-amaliya-90-velvet-smoke
Подушка для сна Амели 50x70,166руб.,https://www.divan.ru/product/podushka-dlya-sna-ameli-50x70
Кровать Кевия 160 Soft Olive,4750руб.,https://www.divan.ru/product/krovat-keviya-160-soft-olive
Чехол для матраса Baby-Terry 90x200,241руб.,https://www.divan.ru/product/chehol-dlya-matrasa-baby-terry-90x200
Кровать Лосон 140 Velvet Blue,2833руб.,https://www.divan.ru/product/krovat-loson-140-velvet-blue
Подушка для сна Мальф-M,300руб.,https://www.divan.ru/product/podushka-dlya-sna-malf-m
Кровать Фостер 160 Velvet Smoke,3250руб.,https://www.divan.ru/product/krovat-foster-160-velvet-smoke
Кровать Ингрид-2 90 Grey,1916руб.,https://www.divan.ru/product/krovat-ingrid-2-90-grey
Подушка для сна Вивьен 50x70 Beige,116руб.,https://www.divan.ru/product/podushka-dlya-sna-viven-50x70-beige
Матрас Илами 80x200,1333руб.,https://www.divan.ru/product/matras-ilami-80x200
Кровать Мали 160 Black,1583руб.,https://www.divan.ru/product/krovat-mali-160-black
Топпер Муар 180x200,391руб.,https://www.divan.ru/product/topper-muar-180x200
Чехол для матраса Baby-Terry 80x190,233руб.,https://www.divan.ru/product/chehol-dlya-matrasa-baby-terry-80x190
Матрас детский Коди 90x200,1000руб.,https://www.divan.ru/product/matras-detskij-kodi-90x200
Подушка для сна Арсон,466руб.,https://www.divan.ru/product/podushka-dlya-sna-arson
Кровать Кейла 80 Barhat Cocao,3000руб.,https://www.divan.ru/product/krovat-kejla-80-barhat-cocao
Кровать Шерона 180 Velvet Terra,3583руб.,https://www.divan.ru/product/krovat-sherona-180-velvet-terra
Комплект постельного белья Меланни евро Mint,500руб.,https://www.divan.ru/product/komplekt-postelnogo-belya-melanni-evro-mint
Кровать Ингрид-1 90 Grey,1500руб.,https://www.divan.ru/product/krovat-ingrid-1-90-grey
Кровать Сейлор 140 Textile Silver,3083руб.,https://www.divan.ru/product/krovat-sejlor-140-textile-silver
Кровать Кевия 180 Soft Sky,5083руб.,https://www.divan.ru/product/krovat-keviya-180-soft-sky
Чехол для матраса Kids-Terry 80x200,275руб.,https://www.divan.ru/product/chehol-dlya-matrasa-kids-terry-80x200
Чехол для матраса Хлоя 140x200,200руб.,https://www.divan.ru/product/chehol-dlya-matrasa-hloya-140x200
Кровать Гамла 160 Happy Mint,3333руб.,https://www.divan.ru/product/krovat-gamla-160-happy-mint
Чехол для матраса Aqua-Stop 90x200,333руб.,https://www.divan.ru/product/chehol-dlya-matrasa-aqua-stop-90x200
Кровать Кейла 120 Barhat Sky,3500руб.,https://www.divan.ru/product/krovat-kejla-120-barhat-sky
Кровать Вента 160 Cozy Ivory,5500руб.,https://www.divan.ru/product/krovat-venta-160-cozy-ivory
Кровать Силини-2 160 Barhat Beige,3000руб.,https://www.divan.ru/product/krovat-silini-2-160-barhat-beige
Комплект оснований Бенис 90 Velvet Latte,2666руб.,https://www.divan.ru/product/komplekt-osnovanij-benis-90-velvet-latte
Кровать Эстель-2 140 Velvet Grey,2750руб.,https://www.divan.ru/product/krovat-estel-2-140-velvet-grey
Кровать Леос 160 White,2500руб.,https://www.divan.ru/product/krovat-leos-160-white
Чехол для матраса Kids-Terry 80x160,241руб.,https://www.divan.ru/product/chehol-dlya-matrasa-kids-terry-80x160
Кровать Амалия 90 Velvet Light,4583руб.,https://www.divan.ru/product/krovat-amaliya-90-velvet-light
Кровать Динс 180 Velvet Light,3000руб.,https://www.divan.ru/product/krovat-dins-180-velvet-light
Кровать Силини-1 160 Barhat Melon,2750руб.,https://www.divan.ru/product/krovat-silini-1-160-barhat-melon
Чехол для матраса Aqua-Stop-Plush 180x200,525руб.,https://www.divan.ru/product/chehol-dlya-matrasa-aqua-stop-plush-180x200
Кровать Сейлор 140 Textile Light,3083руб.,https://www.divan.ru/product/krovat-sejlor-140-textile-light
Подушка для сна Мальф-S,275руб.,https://www.divan.ru/product/podushka-dlya-sna-malf-s
Кровать Фостер 160 Soft Milk,3833руб.,https://www.divan.ru/product/krovat-foster-160-soft-milk
Матрас детский Форни 80x190,833руб.,https://www.divan.ru/product/matras-detskij-forni-80x190
Чехол для матраса Kids-Terry 90x200,283руб.,https://www.divan.ru/product/chehol-dlya-matrasa-kids-terry-90x200
Кровать Бран-2 140 Velvet Navy Blue,2583руб.,https://www.divan.ru/product/krovat-bran-2-140-velvet-navy-blue
Кровать Эстель-2 140 Velvet Light,2750руб.,https://www.divan.ru/product/krovat-estel-2-140-velvet-light
Кровать Монмарт 160 White,2333руб.,https://www.divan.ru/product/krovat-monmart-160-belyj
Кровать Амалия 90 Velvet Terra,4583руб.,https://www.divan.ru/product/krovat-amaliya-90-velvet-terra
Кровать Амьен 160 Barhat Blue,2750руб.,https://www.divan.ru/product/krovat-amen-160-barhat-blue
Кровать Кевия 180 Soft Beige,5083руб.,https://www.divan.ru/product/krovat-keviya-180-soft-beige
Кровать Клифтон Velvet Mint,4500руб.,https://www.divan.ru/product/krovat-klifton-velvet-mint
Кровать Юна 160 Bucle Mint,4916руб.,https://www.divan.ru/product/krovat-yuna-160-bucle-mint
Чехол для матраса Kids-Terry 80x190,275руб.,https://www.divan.ru/product/chehol-dlya-matrasa-kids-terry-80x190
Кровать Силини-1 160 Barhat Beige,2750руб.,https://www.divan.ru/product/krovat-silini-1-160-barhat-beige
Кровать Шерона-Legs 180 Velvet Blue,3583руб.,https://www.divan.ru/product/krovat-sherona-legs-180-velvet-blue
Кровать Адона-Floor 140 Bucle White,2916руб.,https://www.divan.ru/product/krovat-adona-floor-140-bucle-white
Кровать Сейлор 180 Textile Coffe,3416руб.,https://www.divan.ru/product/krovat-sejlor-180-textile-coffe
Кровать Эстель-2 160 Velvet Coffe,2916руб.,https://www.divan.ru/product/krovat-estel-2-160-velvet-coffe
Кровать Амалия 90 Velvet Eclipse,4583руб.,https://www.divan.ru/product/krovat-amaliya-90-velvet-eclipse
Кровать Анхель 160 White,1666руб.,https://www.divan.ru/product/krovat-anhel-160-white
Кровать Эмбер 180 Barhat Navy Blue,4583руб.,https://www.divan.ru/product/krovat-ember-180-barhat-navy-blue
Кровать Адель 160 Velvet Silver,2166руб.,https://www.divan.ru/product/krovat-adel-160-velvet-silver
Кровать Силини-2 160 Barhat Silver,3000руб.,https://www.divan.ru/product/krovat-silini-2-160-barhat-silver
Кровать Далти 140 Happy Mint,4000руб.,https://www.divan.ru/product/krovat-dalti-140-happy-mint
Кровать Шерона-Legs 90 Velvet Terra,2750руб.,https://www.divan.ru/product/krovat-sherona-legs-90-velvet-terra
Кровать Мали 160 White,1583руб.,https://www.divan.ru/product/krovat-mali-160-white
Кровать Силини-1 160 Barhat Silver,2750руб.,https://www.divan.ru/product/krovat-silini-1-160-barhat-silver
Чехол для матраса Aqua-Stop 120x200,350руб.,https://www.divan.ru/product/chehol-dlya-matrasa-aqua-stop-120x200
Матрас детский Нарли 80x200,833руб.,https://www.divan.ru/product/matras-detskij-narli-80x200
Кровать Весмар 180 Velvet Emerald,3166руб.,https://www.divan.ru/product/krovat-vesmar-180-velvet-emerald
Кровать Адель 140 Velvet Olive,2083руб.,https://www.divan.ru/product/krovat-adel-140-velvet-olive
Кровать Весмар 180 Velvet Light,3166руб.,https://www.divan.ru/product/krovat-vesmar-180-time-beige
Кровать Эмбер 180 Barhat Olive,4833руб.,https://www.divan.ru/product/krovat-ember-180-barhat-olive
Кровать Силини-1 160 Barhat Mint,2750руб.,https://www.divan.ru/product/krovat-silini-1-160-barhat-mint
Чехол для матраса Aqua-Stop-Plush 90x200,350руб.,https://www.divan.ru/product/chehol-dlya-matrasa-aqua-stop-plush-90x200
Кровать Кевия 180 Soft Silver,5083руб.,https://www.divan.ru/product/krovat-keviya-180-soft-silver
Матрас Honnemed-Traum 80x200,2000руб.,https://www.divan.ru/product/matras-honnemed-traum-80x200
Основание Бенис 90 Velvet Grey,1333руб.,https://www.divan.ru/product/osnovanie-benis-90-velvet-grey
Кровать Силини-2 160 Barhat Melon,3000руб.,https://www.divan.ru/product/krovat-silini-2-160-barhat-melon
Чехол для матраса Мовена 120x200,241руб.,https://www.divan.ru/product/chehol-dlya-matrasa-movena-120x200
Кровать Барроу 90 Grey,1000руб.,https://www.divan.ru/product/krovat-barrou-90-grey
Кровать Лайтси 90 Velvet Sand,2166руб.,https://www.divan.ru/product/krovat-lajtsi-90-velvet-sand
Кровать Даймант-Floor 180 Barhat White,4166руб.,https://www.divan.ru/product/krovat-dajmant-floor-180-barhat-white
Чехол для матраса Оливери 120x200,275руб.,https://www.divan.ru/product/chehol-dlya-matrasa-oliveri-120x200
Чехол для матраса Оливери 120x200,275руб.,https://www.divan.ru/product/chehol-dlya-matrasa-oliveri-120x200
Комплект постельного белья Вилассо 2.0 Blue,416руб.,https://www.divan.ru/product/komplekt-postelnogo-belya-vilasso-2-0-blue
Кровать Эстель-2 160 Velvet Violet,2916руб.,https://www.divan.ru/product/krovat-estel-2-160-velvet-violet
Кровать Одли 180 Velvet Bluestone,4166руб.,https://www.divan.ru/product/krovat-odli-180-velvet-bluestone
Матрас Эрбис 90x200,1583руб.,https://www.divan.ru/product/matras-erbis-90x200
Кровать Дарти 140 Wood,2416руб.,https://www.divan.ru/product/krovat-darti-140-wood
Кровать Юна 160 Bucle Latte,6083руб.,https://www.divan.ru/product/krovat-yuna-160-bucle-latte
Одеяло Сиена 140x205,416руб.,https://www.divan.ru/product/odeyalo-siena-140x205
Кровать Одли 160 Textile Yellow,4000руб.,https://www.divan.ru/product/krovat-odli-160-textile-yellow
Кровать Даймант-Floor 180 Happy Grafit,4166руб.,https://www.divan.ru/product/krovat-dajmant-floor-180-happy-grafit
Чехол для матраса Aqua-Stop-Plush 120x200,383руб.,https://www.divan.ru/product/chehol-dlya-matrasa-aqua-stop-plush-120x200
Кровать Эмбер 180 Barhat Rose,4583руб.,https://www.divan.ru/product/krovat-ember-180-barhat-rose
Кровать Скаун 90 Bucle Pink,2583руб.,https://www.divan.ru/product/krovat-skaun-90-bucle-pink
Кровать Кевия 180 Soft Ginger,5083руб.,https://www.divan.ru/product/krovat-keviya-180-soft-ginger
Кровать Ингрид-2 180 Gene Latte,2750руб.,https://www.divan.ru/product/krovat-ingrid-2-180-gene-latte
Комплект постельного белья Лейк евро White,458руб.,https://www.divan.ru/product/komplekt-postelnogo-belya-lejk-evro-white
Кровать Адель 140 Velvet Coffe,2083руб.,https://www.divan.ru/product/krovat-adel-140-velvet-coffe
Кровать Эби 180 Happy Grafit,3583руб.,https://www.divan.ru/product/krovat-ebi-180-happy-grafit
Кровать Сейлор 90 Textile Blue,2666руб.,https://www.divan.ru/product/krovat-sejlor-90-textile-blue
Кровать Виллем-Floor 90 Barhat Beige,2416руб.,https://www.divan.ru/product/krovat-villem-floor-90-barhat-beige
Кровать Сваут 140 Happy Grey,2916руб.,https://www.divan.ru/product/krovat-svaut-140-happy-grey
Чехол для матраса Оливери 80x200,225руб.,https://www.divan.ru/product/chehol-dlya-matrasa-oliveri-80x200
Кровать Юна 160 Bucle Milk,6083руб.,https://www.divan.ru/product/krovat-yuna-160-bucle-milk
Кровать Плиди 180 Velvet Yellow,3083руб.,https://www.divan.ru/product/krovat-plidi-180-velvet-yellow
Кровать Лайтси 140 Navy Blue,2583руб.,https://www.divan.ru/product/krovat-lajtsi-140-navy-blue
Комплект постельного белья Вилассо 2.0 Green,416руб.,https://www.divan.ru/product/komplekt-postelnogo-belya-vilasso-2-0-green
Кровать Ингрид-1 90 Terra,1500руб.,https://www.divan.ru/product/krovat-ingrid-1-90-terra
Подушка для тела Снео Lavender,333руб.,https://www.divan.ru/product/podushka-dlya-tela-sneo-lavender
Кровать Маркфул 180 Velvet Midnight,3833руб.,https://www.divan.ru/product/krovat-markful-180-velvet-midnight
Кровать Эмбер 180 Barhat Lilac,4833руб.,https://www.divan.ru/product/krovat-ember-180-barhat-lilac
Кровать Пайл 160 Velvet Beige,2833руб.,https://www.divan.ru/product/krovat-pajl-160-velvet-beige
Кровать Адона-Legs 140 Velvet Cocoa,2666руб.,https://www.divan.ru/product/krovat-adona-legs-140-velvet-cocoa
Кровать Кевия 160 Soft Mint,4750руб.,https://www.divan.ru/product/krovat-keviya-160-soft-mint
Матрас Биламо 180x200,4833руб.,https://www.divan.ru/product/matras-bilamo-180x200
Подушка для сна Космо 50x70,208руб.,https://www.divan.ru/product/podushka-dlya-sna-kosmo-50x70
Кровать Весмар 180 Velvet Terra,3166руб.,https://www.divan.ru/product/krovat-vesmar-180-velvet-terra
Кровать Маркфул 180 Velvet Olive,3833руб.,https://www.divan.ru/product/krovat-markful-180-velvet-olive
Чехол для матраса Plush-Cover 140x200,433руб.,https://www.divan.ru/product/chehol-dlya-matrasa-plush-cover-140x200
Кровать Кьево 160 Happy Grey,3333руб.,https://www.divan.ru/product/krovat-kevo-160-happy-grey
Одеяло Илин 140x205,416руб.,https://www.divan.ru/product/odeyalo-ilin-140x205
Кровать Саоми 160 Cozy Ivory,4250руб.,https://www.divan.ru/product/krovat-saomi-160-cozy-ivory
Кровать Ингрид-1 140 Gene Latte,1833руб.,https://www.divan.ru/product/krovat-ingrid-1-140-gene-latte
Кровать Слипсон 160 Velvet Yellow,3000руб.,https://www.divan.ru/product/krovat-slipson-160-velvet-yellow
Кровать Майтон 160 Velvet Light,2916руб.,https://www.divan.ru/product/krovat-majton-160-velvet-light
Кровать Саоми 160 Velvet Light,4166руб.,https://www.divan.ru/product/krovat-saomi-160-velvet-light
Матрас детский Фальсо 80x160,833руб.,https://www.divan.ru/product/matras-detskij-falso-80x160
Кровать Молсон 160 Happy Grey,4083руб.,https://www.divan.ru/product/krovat-molson-160-happy-grey
Матрас Монлей 120x200,5333руб.,https://www.divan.ru/product/matras-monlej-120x200
Кровать Кьево 160 Velvet Light,3333руб.,https://www.divan.ru/product/krovat-kevo-160-velvet-light
Кровать Саоми 140 Velvet Cocao,3750руб.,https://www.divan.ru/product/krovat-saomi-140-velvet-cocao
Комплект оснований Бенис 80 Velvet Silver,2500руб.,https://www.divan.ru/product/komplekt-osnovanij-benis-80-velvet-silver
Кровать Фромборк-1 160 Dark,2000руб.,https://www.divan.ru/product/krovat-frombork-1-160-dark
Кровать Эстель-1 180 Velvet Coffe,2750руб.,https://www.divan.ru/product/krovat-estel-1-180-velvet-coffe
Кровать Даймант-Floor 180 Happy Mint,4166руб.,https://www.divan.ru/product/krovat-dajmant-floor-180-happy-mint
Кровать Лерэн 160 Silver,4083руб.,https://www.divan.ru/product/krovat-leren-160-silver
Кровать Саоми 140 Velvet Cinnamon,3750руб.,https://www.divan.ru/product/krovat-saomi-140-velvet-cinnamon
Кровать Кейт 140 Textile Smoke,4166руб.,https://www.divan.ru/product/krovat-kejt-140-textile-smoke
Кровать Плиди 140 Velvet Light,2916руб.,https://www.divan.ru/product/krovat-plidi-140-velvet-light
Кровать Весмар 140 Velvet Coral,2916руб.,https://www.divan.ru/product/krovat-vesmar-140-velvet-coral
Кровать Маркфул 160 Velvet Terra,3666руб.,https://www.divan.ru/product/krovat-markful-160-velvet-terra
Кровать Эби 180 Happy Light,3583руб.,https://www.divan.ru/product/krovat-ebi-180-happy-light
Подушка для сна Миллак 50x70,208руб.,https://www.divan.ru/product/podushka-dlya-sna-millak-50x70
Кровать Вега-Floor 180 Velvet Beige,3083руб.,https://www.divan.ru/product/krovat-vega-floor-180-velvet-beige
Кровать Одли 160 Velvet Light,4000руб.,https://www.divan.ru/product/krovat-odli-160-velvet-light
Кровать Маркфул 90 Velvet Grey,3000руб.,https://www.divan.ru/product/krovat-markful-90-velvet-grey
Кровать Эстель-1 160 Velvet Grey,2500руб.,https://www.divan.ru/product/krovat-estel-1-160-velvet-grey
Кровать Виенсо 140 Velvet Beige,3750руб.,https://www.divan.ru/product/krovat-vienso-140-velvet-beige
Кровать Клифтон Velvet Olive,4500руб.,https://www.divan.ru/product/krovat-klifton-velvet-olive
Кровать Одли 140 Velvet Cocao,3583руб.,https://www.divan.ru/product/krovat-odli-140-velvet-cocao
Чехол для матраса Plush-Cover 90x200,316руб.,https://www.divan.ru/product/chehol-dlya-matrasa-plush-cover-90x200
Кровать Раверти-Legs 160 Barhat Night,3166руб.,https://www.divan.ru/product/krovat-raverti-legs-160-barhat-night
Кровать Молсон 160 Happy Light,4083руб.,https://www.divan.ru/product/krovat-molson-160-happy-light
Одеяло Маффи 200x220,666руб.,https://www.divan.ru/product/odeyalo-maffi-200x220
Кровать Одли 140 Velvet Olive,3583руб.,https://www.divan.ru/product/krovat-odli-140-velvet-olive
Подушка для сна Илин 50x70,250руб.,https://www.divan.ru/product/podushka-dlya-sna-ilin-50x70
Кровать Молсон 160 Happy Mint,4083руб.,https://www.divan.ru/product/krovat-molson-160-happy-mint
Кровать Даймант-Floor 160 Barhat Night,4000руб.,https://www.divan.ru/product/krovat-dajmant-floor-160-barhat-night
Кровать Адона-Floor 160 Soft Latte,2750руб.,https://www.divan.ru/product/krovat-adona-floor-160-soft-latte
Кровать Одли 140 Velvet Cinnamon,3583руб.,https://www.divan.ru/product/krovat-odli-140-velvet-cinnamon
Чехол для матраса Мовена 80x200,191руб.,https://www.divan.ru/product/chehol-dlya-matrasa-movena-80x200
Кровать Вайлор-Floor 140 Velvet Beige,4166руб.,https://www.divan.ru/product/krovat-vajlor-floor-140-velvet-beige
Комплект для сна Лосен 172x205 Yellow,958руб.,https://www.divan.ru/product/komplekt-dlya-sna-losen-172x205-yellow
Кровать Юна 180 Barhat Navy Blue,4416руб.,https://www.divan.ru/product/krovat-yuna-180-barhat-navy-blue
Кровать Эмбер 160 Cozy Beige,5250руб.,https://www.divan.ru/product/krovat-ember-160-cozy-beige
Чехол для матраса Plush-Cover 180x200,558руб.,https://www.divan.ru/product/chehol-dlya-matrasa-plush-cover-180x200
Подушка для сна Даос-S,316руб.,https://www.divan.ru/product/podushka-dlya-sna-daos-s
Кровать Шелхорн 140 Gene Latte,2500руб.,https://www.divan.ru/product/krovat-shelhorn-140-gene-latte
Кровать Ингрид-2 160 Plywood,2416руб.,https://www.divan.ru/product/krovat-ingrid-2-160-plywood
Кровать Лиель 160 Velvet Beige,3833руб.,https://www.divan.ru/product/krovat-liel-160-velvet-beige
Подушка для тела Снео Ocean,291руб.,https://www.divan.ru/product/podushka-dlya-tela-sneo-ocean
Комплект постельного белья Меланни 2.0 Brown,466руб.,https://www.divan.ru/product/komplekt-postelnogo-belya-melanni-2-0-brown
Кровать Мира 90 Textile Smoke,2416руб.,https://www.divan.ru/product/krovat-mira-90-textile-smoke
Кровать Фромборк-2 140 Gene Latte,1916руб.,https://www.divan.ru/product/krovat-frombork-2-140-gene-latte
Кровать Лайтси 120 Vertical Ink,2416руб.,https://www.divan.ru/product/krovat-lajtsi-120-vertical-ink
Кровать Амьен 140 Bucle Galaxy,3250руб.,https://www.divan.ru/product/krovat-amen-140-bucle-galaxy
Кровать Клифтон Velvet Grey,4500руб.,https://www.divan.ru/product/krovat-klifton-velvet-grey
